[{"model": "phonebook.osoba", "pk": 7, "fields": {"imie": "Jan", "nazwisko": "Kowalski"}}, {"model": "phonebook.osoba", "pk": 8, "fields": {"imie": "Andrzej", "nazwisko": "Kowalski"}}, {"model": "phonebook.osoba", "pk": 9, "fields": {"imie": "Janusz", "nazwisko": "Grabowski"}}, {"model": "phonebook.osoba", "pk": 10, "fields": {"imie": "Tymon", "nazwisko": "Macierewicz"}}, {"model": "phonebook.osoba", "pk": 11, "fields": {"imie": "Marian", "nazwisko": "Kowalski"}}, {"model": "phonebook.osoba", "pk": 12, "fields": {"imie": "Artur", "nazwisko": "Trzcina"}}, {"model": "phonebook.osoba", "pk": 13, "fields": {"imie": "Karol", "nazwisko": "Raciborski"}}, {"model": "phonebook.osoba", "pk": 14, "fields": {"imie": "Krzystof", "nazwisko": "D\u0105browski"}}, {"model": "phonebook.osoba", "pk": 15, "fields": {"imie": "Micha\u0142", "nazwisko": "Malinowski"}}, {"model": "phonebook.osoba", "pk": 16, "fields": {"imie": "Roman", "nazwisko": "Zatorski"}}, {"model": "phonebook.osoba", "pk": 17, "fields": {"imie": "Piotr", "nazwisko": "Samborski"}}, {"model": "phonebook.osoba", "pk": 18, "fields": {"imie": "Kamil", "nazwisko": "Pawlak"}}, {"model": "phonebook.osoba", "pk": 19, "fields": {"imie": "Tadeusz", "nazwisko": "Lindstedt"}}, {"model": "phonebook.osoba", "pk": 20, "fields": {"imie": "Mohammed", "nazwisko": "Ali"}}, {"model": "phonebook.osoba", "pk": 21, "fields": {"imie": "Jonasz", "nazwisko": "Trzcina"}}, {"model": "phonebook.osoba", "pk": 22, "fields": {"imie": "Artur", "nazwisko": "Kowalski"}}, {"model": "phonebook.osoba", "pk": 23, "fields": {"imie": "Robert", "nazwisko": "Szl\u0119k"}}, {"model": "phonebook.osoba", "pk": 24, "fields": {"imie": "Oskar", "nazwisko": "Olbrych"}}, {"model": "phonebook.osoba", "pk": 25, "fields": {"imie": "Karol", "nazwisko": "Nowak"}}, {"model": "phonebook.osoba", "pk": 26, "fields": {"imie": "Tymon", "nazwisko": "Bukowski"}}, {"model": "phonebook.osoba", "pk": 27, "fields": {"imie": "Barabasz", "nazwisko": "Malina"}}, {"model": "phonebook.telefon", "pk": 11, "fields": {"osoba": 7, "telefon": "48123123123"}}, {"model": "phonebook.telefon", "pk": 12, "fields": {"osoba": 9, "telefon": "48600600600"}}, {"model": "phonebook.telefon", "pk": 13, "fields": {"osoba": 10, "telefon": "5039999"}}, {"model": "phonebook.telefon", "pk": 14, "fields": {"osoba": 12, "telefon": "102102102"}}, {"model": "phonebook.telefon", "pk": 15, "fields": {"osoba": 14, "telefon": "048900900900"}}, {"model": "phonebook.telefon", "pk": 16, "fields": {"osoba": 14, "telefon": "0481029090"}}, {"model": "phonebook.telefon", "pk": 17, "fields": {"osoba": 27, "telefon": "050120120102"}}, {"model": "phonebook.telefon", "pk": 18, "fields": {"osoba": 26, "telefon": "50200200"}}, {"model": "phonebook.telefon", "pk": 19, "fields": {"osoba": 22, "telefon": "1000000000000"}}, {"model": "phonebook.telefon", "pk": 20, "fields": {"osoba": 21, "telefon": "1000000000000"}}, {"model": "phonebook.telefon", "pk": 21, "fields": {"osoba": 13, "telefon": "483021010"}}, {"model": "phonebook.email", "pk": 8, "fields": {"osoba": 8, "email": "kowalski@wp.pl"}}, {"model": "phonebook.email", "pk": 9, "fields": {"osoba": 11, "email": "ruch@wp.pl"}}, {"model": "phonebook.email", "pk": 10, "fields": {"osoba": 12, "email": "trzcina@o2.pl"}}, {"model": "phonebook.email", "pk": 11, "fields": {"osoba": 16, "email": "romek@o2.pl"}}, {"model": "phonebook.email", "pk": 12, "fields": {"osoba": 16, "email": "zator2@wp.pl"}}, {"model": "phonebook.email", "pk": 13, "fields": {"osoba": 25, "email": "nowak@tlen.pl"}}, {"model": "phonebook.email", "pk": 14, "fields": {"osoba": 24, "email": "olbrych@tlen.pl"}}, {"model": "phonebook.email", "pk": 15, "fields": {"osoba": 23, "email": "artur20@o2.pl"}}, {"model": "phonebook.email", "pk": 16, "fields": {"osoba": 19, "email": "zator2@wp.pl"}}]